strategy,horizon,n,mean,ci_lo,ci_hi,median,hit_rate
stock,1,59,-0.006881821764780453,-0.013513725897606068,-0.001285879082778917,-0.0012526091819032447,0.4067796610169492
stock,2,59,-0.003204904595627655,-0.011964111013314519,0.004692438671788946,0.0008273865343269163,0.5084745762711864
stock,3,57,-0.0023596184949105383,-0.012740716416486957,0.007536419081880739,0.002856120648619694,0.5614035087719298
stock,5,59,-0.007387422776871369,-0.019960308256226734,0.005270186719179095,-0.0026033960161743544,0.4745762711864407
stock,10,58,-0.0026768052272466525,-0.022523365882312834,0.01775724690083864,-0.004946048991074594,0.46551724137931033
stock,21,57,0.01356167143783014,-0.014533743440659247,0.046012854882332796,0.0025791897146830904,0.543859649122807
stock,42,56,0.007864530259223748,-0.03211223076049071,0.049661874974878825,-0.014589984968762872,0.48214285714285715
stock,63,55,0.02274057669006222,-0.023395157803945094,0.07395496841629241,0.011679492102798625,0.509090909090909
stock,exp,57,0.044917979583156166,-0.0033099422535223847,0.09992098872194617,0.057429920915788794,0.543859649122807
long_call,1,59,-0.0029905604941169884,-0.006096971748600047,-1.280095741741582e-05,-0.001959581946401373,0.3220338983050847
long_call,2,59,-0.0015659655748734784,-0.005637007485916627,0.0023681103027654283,-0.0010532153858653192,0.4576271186440678
long_call,3,59,-0.000446806289769098,-0.005766705462251741,0.005027236939205996,0.0008815170014865922,0.5423728813559322
long_call,5,60,-0.0029824675542345644,-0.009670114612205575,0.003762849917993234,-0.00427157071137635,0.45
long_call,10,59,-0.0003114707937363849,-0.010694090332522976,0.011784630002574346,-0.0065985907794356155,0.3559322033898305
long_call,21,58,0.008464245969748442,-0.008916709503644617,0.029878352476296156,-0.005469081584917138,0.41379310344827586
long_call,42,57,0.008473717693716932,-0.016452573199195172,0.03786155792190877,-0.027960311053516953,0.3157894736842105
long_call,63,56,0.013334102537640299,-0.015318646496173711,0.04815382322183733,-0.027807149797154537,0.39285714285714285
long_call,exp,59,0.020130574327232226,-0.01102635695638228,0.059355319676741194,-0.033684142915828566,0.4067796610169492
covered_call,1,58,-0.0048525681892585635,-0.009716527006134783,-0.0010676145914916898,-0.0010567190908884426,0.43103448275862066
covered_call,2,57,-0.0021139119393516585,-0.008405305549767978,0.003384510624624064,0.0014275558873926538,0.543859649122807
covered_call,3,57,-0.001275797852579728,-0.008185795505042032,0.005363179257949167,0.0032154613292282737,0.5789473684210527
covered_call,5,59,-0.00493893657497049,-0.013997942850613697,0.0038548869233783734,-0.000878015044440084,0.4745762711864407
covered_call,10,58,-0.00281920705811216,-0.014847804622194797,0.009468590102552077,-0.0005632150576537794,0.5
covered_call,21,57,0.0049397410937838514,-0.009289751926646458,0.01915196869644579,0.006742398206547825,0.5964912280701754
covered_call,42,55,-0.001045205881719607,-0.023578259643321494,0.02166014390186068,0.014776731459028318,0.5272727272727272
covered_call,63,54,0.012781386525576954,-0.016311560693303594,0.0397746727983686,0.045863183237089405,0.6111111111111112
covered_call,exp,54,0.032782976357798664,0.0038871702202895194,0.05972022434184554,0.07249362047285278,0.6666666666666666
protective_put,1,58,-0.003938495740600185,-0.0076404520365951365,-0.0006536936967149887,-0.0008393604329778601,0.39655172413793105
protective_put,2,58,-0.0009266257621636224,-0.006468198258222972,0.004288170308431009,0.000841980901007692,0.5344827586206896
protective_put,3,56,-0.0005451148863832268,-0.007855197727517216,0.006501746553488355,0.002026188116351695,0.5357142857142857
protective_put,5,58,-0.00425535260991857,-0.013029422133230953,0.004387226894317561,-0.003653854212079285,0.46551724137931033
protective_put,10,57,-7.560930061248072e-05,-0.013650011637096723,0.015668593702957853,-0.007342777536677372,0.43859649122807015
protective_put,21,55,0.00925451645226066,-0.013783960837615102,0.03365330569191557,0.0003252400105200525,0.509090909090909
protective_put,42,56,0.013233467261740479,-0.018646858917018394,0.046716747001991896,-0.02287543683117069,0.42857142857142855
protective_put,63,53,0.022662683696418003,-0.011443900763853496,0.06038313406790523,-0.013206581615054525,0.4339622641509434
protective_put,exp,52,0.02799368628945145,-0.011513113975521608,0.07660928531392364,-0.006512483530044004,0.5
collar,1,57,-0.0018220039264870294,-0.003646906269688606,-4.2094724703886643e-05,-0.0009913032625836866,0.42105263157894735
collar,2,57,-0.0002480448621195979,-0.0030498880647901127,0.002353988129759377,0.0008002046582424241,0.5087719298245614
collar,3,56,0.000533661396748711,-0.0031371299905580668,0.004303699624568438,0.0018724555858931724,0.5892857142857143
collar,5,58,-0.001370071737509344,-0.005805851295864879,0.003285447464826839,-0.0012826613765302645,0.46551724137931033
collar,10,57,-1.6762208537469946e-05,-0.005973056869535104,0.006116593489792314,-0.0027503937037871014,0.47368421052631576
collar,21,55,0.002819222444976139,-0.005558692839053614,0.011110940370223662,0.003908214293056979,0.5818181818181818
collar,42,55,0.004942350880795462,-0.0072862846999562185,0.017417235157667386,0.0031720217339598353,0.509090909090909
collar,63,53,0.01390732890756849,-0.0010827683018521245,0.028363397184283004,0.010273921437228125,0.5660377358490566
collar,exp,49,0.018756114022520302,0.0016346715569620248,0.03560610599319998,0.042043005264862036,0.5510204081632653
cash_secured_put,1,59,-0.002516898583705052,-0.005895832773058883,5.44138070511298e-06,-0.00012641071598996936,0.3389830508474576
cash_secured_put,2,59,-0.0017679908770313797,-0.0053046122454626045,0.0012508639921701217,0.0006208748716294349,0.5423728813559322
cash_secured_put,3,59,-0.001216997413634299,-0.004692369527120979,0.002055049900087518,0.0010933637425953567,0.5254237288135594
cash_secured_put,5,58,-0.0034391094832901046,-0.00826203905679343,0.0010945964134331896,0.0002449477433001705,0.5
cash_secured_put,10,58,-0.0031370709505451665,-0.010143410960185048,0.003556457135904924,0.0013089695779645056,0.5689655172413793
cash_secured_put,21,57,9.007350687031123e-05,-0.007060129656109733,0.006654646589390783,0.001062494871891313,0.5614035087719298
cash_secured_put,42,59,-0.004822476394178265,-0.0165604384734891,0.0061595127272550945,0.008264526304288356,0.559322033898305
cash_secured_put,63,55,-0.0032330460361525543,-0.02250217768978831,0.011908980151079404,0.015602883935371386,0.7454545454545455
cash_secured_put,exp,55,0.004847068585182792,-0.014439582830457208,0.02062314570700533,0.023393673366863762,0.7636363636363637
short_strangle,1,58,-0.0005983508723758712,-0.0030638849995173073,0.0012989323420579241,0.00021805962519235556,0.5689655172413793
short_strangle,2,58,-0.0012621242881870642,-0.0037634949693753,0.0009414666026774756,0.0002283453319874651,0.5517241379310345
short_strangle,3,58,-0.0001812782154369149,-0.0022859540760914805,0.0016828030497569233,0.0009016058001429805,0.5862068965517241
short_strangle,5,58,-0.0005538286108808811,-0.0036036731409804118,0.002198747143699211,0.00020736203568704522,0.5172413793103449
short_strangle,10,58,-0.0032139198477308117,-0.00982948489865645,0.0026132854396269003,0.00201058545065013,0.5517241379310345
short_strangle,21,56,-0.006106484583347844,-0.02167105018864422,0.004810903803903464,0.004935835446237381,0.625
short_strangle,42,58,-0.020256838696656277,-0.03987370346252539,-0.0031238623959686045,6.662263473629826e-05,0.5
short_strangle,63,55,-0.015010889532460518,-0.042806751134583924,0.008846229801507085,0.016027300444307873,0.5818181818181818
short_strangle,exp,50,-0.007457038401098141,-0.04638360704769147,0.021128837146864223,0.025174269126488496,0.58
drop_call,1,59,-0.0019286892515389409,-0.004225758442815515,0.00034199079452773795,-0.0009255672079975774,0.3559322033898305
drop_call,2,58,-0.000536349190172442,-0.003641146403728213,0.0024278057783217416,-0.0004933012251980692,0.43103448275862066
drop_call,3,59,-0.0010619494180771226,-0.0046819085085020775,0.002806276352613697,-0.0009811910807384966,0.4745762711864407
drop_call,5,59,-0.0024484862019008803,-0.007136019724005592,0.002135096423480669,-0.0015546622074359615,0.4576271186440678
drop_call,10,59,0.0002723868894108886,-0.00751861648760004,0.00994092433925588,-0.006052775807156271,0.3050847457627119
drop_call,21,59,0.010990143146328417,-0.00401721607782301,0.030818773041521242,-0.004464062190241981,0.3559322033898305
drop_call,42,59,0.015230603657691208,-0.005126425746237564,0.04084964058345494,-0.014031017470817565,0.3050847457627119
drop_call,63,57,0.017957173935275652,-0.007302796018984952,0.04903808300179871,-0.01948692475603786,0.38596491228070173
drop_call,exp,55,0.023790064032284067,-0.005707488721630495,0.059776524873179096,-0.016768857505551713,0.38181818181818183
drop_put,1,59,0.002516898583705052,-5.441380705114471e-06,0.005895832773058882,0.00012641071598996936,0.5084745762711864
drop_put,2,59,0.0017679908770313797,-0.001250863992170122,0.005304612245462601,-0.0006208748716294349,0.4067796610169492
drop_put,3,59,0.001216997413634299,-0.0020550499000875186,0.004692369527120975,-0.0010933637425953567,0.4406779661016949
drop_put,5,58,0.0034391094832901046,-0.0010945964134331909,0.008262039056793423,-0.0002449477433001705,0.4827586206896552
drop_put,10,58,0.0031370709505451665,-0.0035564571359049295,0.010143410960185036,-0.0013089695779645056,0.43103448275862066
drop_put,21,57,-9.007350687031123e-05,-0.006654646589390789,0.007060129656109732,-0.001062494871891313,0.43859649122807015
drop_put,42,59,0.004822476394178265,-0.006159512727255106,0.016560438473489068,-0.008264526304288356,0.4406779661016949
drop_put,63,55,0.0032330460361525543,-0.011908980151079407,0.02250217768978831,-0.015602883935371386,0.2545454545454545
drop_put,exp,55,-0.004847068585182792,-0.02062314570700533,0.014439582830457208,-0.023393673366863762,0.23636363636363636
long_put,1,60,0.004023213520331496,0.0008857158957035696,0.008184690279112623,0.0,0.4666666666666667
long_put,2,60,0.0018847625871322195,-0.002416551682768746,0.006660088165343937,-0.00014259164096359263,0.4
long_put,3,58,0.002478971558584623,-0.002095472306643568,0.007636770525440314,-0.001118332716163505,0.43103448275862066
long_put,5,59,0.005275011102841706,-0.001364918565761349,0.012016732410126922,0.00016851446173844748,0.5084745762711864
long_put,10,59,0.0037833613209767272,-0.005323875612156139,0.012943451710145987,-0.00012899697989211229,0.4915254237288136
long_put,21,59,-0.0018221693379514758,-0.011953347360199816,0.008204817836557823,-0.004478719519909466,0.4067796610169492
long_put,42,59,0.005377412028712794,-0.010891227930811443,0.021045596275733228,-0.013995055905220566,0.423728813559322
long_put,63,57,0.0006694289122573911,-0.01845848428461789,0.022639804125738,-0.02820826769598837,0.2982456140350877
long_put,exp,58,-0.009958924647593204,-0.030121324889569315,0.012250262360207884,-0.035658259130875905,0.25862068965517243
long_straddle,1,59,0.0010546744608556948,-0.001438111615320981,0.004065645595939904,-0.0012796341485455634,0.4067796610169492
long_straddle,2,59,0.0003738264533669266,-0.0018831101982418113,0.0032570403651774266,-0.0010424801030806145,0.3898305084745763
long_straddle,3,57,0.0022712076941956575,-0.0006787830370642901,0.0054144960166124766,0.0011418359251527104,0.543859649122807
long_straddle,5,59,0.0023842585396541167,-0.0007402906855666709,0.0058647521390682794,-2.0034477306509412e-05,0.4915254237288136
long_straddle,10,58,0.0037673289830062943,-0.001973792822872649,0.01027476176932482,-0.0015325019430154655,0.4482758620689655
long_straddle,21,57,0.008701686607122306,-0.003071774735841046,0.024636528312774304,-0.004970206671270179,0.45614035087719296
long_straddle,42,56,0.018479645859337906,-8.132355848324945e-05,0.039243123773286176,-0.010084644034504708,0.44642857142857145
long_straddle,63,55,0.017150978986438362,-0.005709115526506245,0.046913889883327974,-0.012400172750672163,0.43636363636363634
long_straddle,exp,57,0.013863292090404277,-0.013625911640630728,0.04841730328863052,-0.005672343380576975,0.45614035087719296
short_straddle,1,59,-0.0010546744608556948,-0.0040656455959399065,0.0014381116153209775,0.0012796341485455634,0.5254237288135594
short_straddle,2,59,-0.0003738264533669266,-0.0032570403651774296,0.001883110198241811,0.0010424801030806145,0.6101694915254238
short_straddle,3,57,-0.0022712076941956575,-0.005414496016612477,0.0006787830370642895,-0.0011418359251527104,0.43859649122807015
short_straddle,5,59,-0.0023842585396541167,-0.005864752139068284,0.0007402906855666707,2.0034477306509412e-05,0.5084745762711864
short_straddle,10,58,-0.0037673289830062943,-0.010274761769324823,0.0019737928228726487,0.0015325019430154655,0.5517241379310345
short_straddle,21,57,-0.008701686607122306,-0.02463652831277433,0.003071774735841025,0.004970206671270179,0.543859649122807
short_straddle,42,56,-0.018479645859337906,-0.03924312377328618,8.132355848324711e-05,0.010084644034504708,0.5535714285714286
short_straddle,63,55,-0.017150978986438362,-0.04691388988332798,0.005709115526506213,0.012400172750672163,0.5636363636363636
short_straddle,exp,57,-0.013863292090404277,-0.04841730328863059,0.013625911640630723,0.005672343380576975,0.543859649122807
short_iron_fly,1,57,-0.0007069330375115515,-0.0024834987492989512,0.000829887603154242,-0.0004089274510050453,0.45614035087719296
short_iron_fly,2,57,0.0007472952312158838,-0.0006606629958504423,0.002224216875893908,0.00034666637182417115,0.5789473684210527
short_iron_fly,3,56,-0.0019635109078854915,-0.004193699250235441,0.00027696223839486316,-0.0016554743875473983,0.35714285714285715
short_iron_fly,5,58,-0.0010234866058563192,-0.003359028964435897,0.0009263698062338676,0.0005711208676864869,0.5344827586206896
short_iron_fly,10,57,-0.0006526185268159539,-0.0028869747414369982,0.0014037406037864808,-0.00012417003491170547,0.49122807017543857
short_iron_fly,21,55,-0.001060681847393582,-0.0035757763609862523,0.0013529310000617997,0.0006274032202398091,0.5636363636363636
short_iron_fly,42,55,-0.00418496372417545,-0.008205251110318898,-0.00029896797669689645,0.00029861188520388513,0.509090909090909
short_iron_fly,63,53,-0.0006232441748229045,-0.008254494684927156,0.006464370063827789,-0.00029625782069013615,0.49056603773584906
short_iron_fly,exp,49,-0.00127943559495248,-0.007785854859010786,0.005195104778345929,-0.002290886919599611,0.46938775510204084
bull_call_spread,1,58,-0.0008923333070370667,-0.0020501566679458974,0.0003179310901213105,-0.0007330552339181325,0.3793103448275862
bull_call_spread,2,57,-0.0006495804713786905,-0.0021592320612966493,0.0007692726834376248,-0.0009361730361222909,0.45614035087719296
bull_call_spread,3,58,0.0007760233960849509,-0.001378344770754397,0.0031850585873406463,0.00046865366913881107,0.5344827586206896
bull_call_spread,5,59,-0.0004422663612867102,-0.0031610983288814843,0.0025320450080065582,-0.001959581946401373,0.3898305084745763
bull_call_spread,10,58,-0.0003864045423773822,-0.00364596562424548,0.002941583379543584,-0.0010487986303353567,0.39655172413793105
bull_call_spread,21,58,0.000490073975801279,-0.003913536478726248,0.005314147442111686,-0.0010160590152218743,0.46551724137931033
bull_call_spread,42,56,0.0005002137416169505,-0.006240050723761329,0.007098949379581836,-0.005544079717841884,0.44642857142857145
bull_call_spread,63,55,0.0019720921804540583,-0.0071551788778767755,0.012222820198976015,-0.00106796527172447,0.4909090909090909
bull_call_spread,exp,54,0.005197353233683554,-0.004052357574975135,0.014289050772992215,0.015180298496922175,0.5740740740740741
bear_put_spread,1,59,0.0013429279187561914,0.000115349822189687,0.002664252773072269,0.0,0.4745762711864407
bear_put_spread,2,59,-8.286023884058733e-05,-0.001667451816598659,0.0014437746562829222,-0.0004680865180611385,0.423728813559322
bear_put_spread,3,57,0.0009405766606161742,-0.0008598574242593477,0.00311442573520794,-0.0004090136499014694,0.42105263157894735
bear_put_spread,5,58,0.0015852738974750642,-0.0007262840396545994,0.003843673868801612,0.0006933938860715658,0.5344827586206896
bear_put_spread,10,58,0.0010725314347275678,-0.002174600911547825,0.004002073049281334,0.0009840744376295781,0.5172413793103449
bear_put_spread,21,56,0.0009033810596513622,-0.0026999675137954213,0.004708675978887694,-0.0009587340154456245,0.48214285714285715
bear_put_spread,42,58,0.0020806031191899286,-0.003966006721832568,0.008041629507152422,-0.0004708228648945714,0.5
bear_put_spread,63,54,-0.0018636267584284908,-0.008233785278132434,0.004786771927505878,-0.009046971869384496,0.4074074074074074
bear_put_spread,exp,53,-0.00037852643969829266,-0.00878240511368576,0.00776932410357299,-0.013995055905220566,0.41509433962264153
risk_reversal,1,58,-0.00452223590136889,-0.009792767723727938,-4.1572711742065825e-05,-0.0024954486161991936,0.3620689655172414
risk_reversal,2,58,-0.002334822668531948,-0.008490146689916682,0.0033093481000706876,0.0009484629888901922,0.5344827586206896
risk_reversal,3,58,-0.0022946820398880375,-0.009562155572323724,0.004256113192549508,0.0013747240582361283,0.5344827586206896
risk_reversal,5,58,-0.0063243903556993285,-0.015573443836852012,0.0022145229294365174,-0.003524548708341113,0.4482758620689655
risk_reversal,10,58,-0.003060222053359523,-0.01721726418359992,0.012704226300465783,-0.005081965340430206,0.41379310344827586
risk_reversal,21,56,0.005500412432328794,-0.014995850873559166,0.02910497012396837,-0.0031012320290562246,0.42857142857142855
risk_reversal,42,58,0.009457485005142166,-0.019039712733705343,0.04333335670902643,-0.0066937789324459885,0.41379310344827586
risk_reversal,63,55,0.00854479746015541,-0.02943595132575818,0.04764947410071435,-0.0037174367248242112,0.4909090909090909
risk_reversal,exp,50,0.028174443932194558,-0.012292583991527366,0.07384761173255862,0.007220572982637721,0.56
atm_put_write,1,60,-0.004023213520331496,-0.008184690279112625,-0.000885715895703574,0.0,0.35
atm_put_write,2,60,-0.0018847625871322195,-0.0066600881653439414,0.002416551682768744,0.00014259164096359263,0.5
atm_put_write,3,58,-0.002478971558584623,-0.007636770525440316,0.0020954723066435666,0.001118332716163505,0.5344827586206896
atm_put_write,5,59,-0.005275011102841706,-0.012016732410126928,0.0013649185657613452,-0.00016851446173844748,0.4915254237288136
atm_put_write,10,59,-0.0037833613209767272,-0.012943451710145989,0.005323875612156137,0.00012899697989211229,0.5084745762711864
atm_put_write,21,59,0.0018221693379514758,-0.008204817836557824,0.011953347360199793,0.004478719519909466,0.5932203389830508
atm_put_write,42,59,-0.005377412028712794,-0.021045596275733235,0.010891227930811442,0.013995055905220566,0.576271186440678
atm_put_write,63,57,-0.0006694289122573911,-0.022639804125738006,0.01845848428461789,0.02820826769598837,0.6842105263157895
atm_put_write,exp,58,0.009958924647593204,-0.012250262360207887,0.030121324889569312,0.035658259130875905,0.7413793103448276
