strategy,horizon,n_a,n_b,mean_a,mean_b,difference,ci_lo,ci_hi
stock,1,59,107,-0.006881821764780453,0.0007393040008988705,-0.007621125765679323,-0.015347479109851148,-0.0006662686161650088
stock,2,59,107,-0.003204904595627655,0.002580332272158456,-0.005785236867786111,-0.015499327688045276,0.0037370904830027877
stock,3,57,107,-0.0023596184949105383,0.0010367636224403241,-0.0033963821173508624,-0.015788082419479873,0.008394527409934306
stock,5,59,106,-0.007387422776871369,0.004370792669866975,-0.011758215446738343,-0.027149342675272876,0.0031632206855748556
stock,10,58,104,-0.0026768052272466525,0.007818168476624185,-0.010494973703870838,-0.034273647540632536,0.013898474204370145
stock,21,57,106,0.01356167143783014,0.01852614092448941,-0.004964469486659269,-0.0366293323329874,0.028621076008322435
stock,42,56,102,0.007864530259223748,0.028906273779630096,-0.021041743520406348,-0.06380346471796741,0.027459801105685123
stock,63,55,98,0.02274057669006222,0.04043799800790017,-0.01769742131783795,-0.07175644830218393,0.03907149968883909
stock,exp,57,103,0.044917979583156166,0.03824394742317764,0.006674032159978527,-0.04730521270382165,0.06459492184560145
long_call,1,59,108,-0.0029905604941169884,0.0003755784587451063,-0.0033661389528620946,-0.006929264104637986,8.939770177709496e-05
long_call,2,59,108,-0.0015659655748734784,0.0012246563356225135,-0.002790621910495992,-0.007700442502436427,0.001726021806700876
long_call,3,59,108,-0.000446806289769098,0.00030866662844648314,-0.0007554729182155811,-0.006825077486181415,0.005627360074625496
long_call,5,60,108,-0.0029824675542345644,0.0009936153113106205,-0.003976082865545185,-0.011796485226728284,0.0038256546215089064
long_call,10,59,106,-0.0003114707937363849,0.004259893010468523,-0.004571363804204908,-0.018089149401861546,0.009353937383187969
long_call,21,58,107,0.008464245969748442,0.008158198958742827,0.0003060470110056151,-0.020116987926220884,0.022947210107570778
long_call,42,57,107,0.008473717693716932,0.012926668765090922,-0.00445295107137399,-0.03313466126821845,0.02691390937909937
long_call,63,56,103,0.013334102537640299,0.011417490976996368,0.001916611560643931,-0.03109688228636205,0.04038139798695811
long_call,exp,59,108,0.020130574327232226,0.006169235739657545,0.01396133858757468,-0.021682852050457575,0.05737928319293636
covered_call,1,58,106,-0.0048525681892585635,-0.00036060684909469275,-0.004491961340163871,-0.010003809289075717,0.0004281728539563231
covered_call,2,57,106,-0.0021139119393516585,0.0014296838369063924,-0.003543595776258051,-0.010281440026067776,0.002818561432430253
covered_call,3,57,106,-0.001275797852579728,0.0005418610461544999,-0.0018176588987342279,-0.010201168120048416,0.005812456048003984
covered_call,5,59,105,-0.00493893657497049,0.0026423204958804774,-0.0075812570708509676,-0.017622567218920124,0.0015757986662080768
covered_call,10,58,103,-0.00281920705811216,0.0035849237191587164,-0.006404130777270876,-0.02106073419247246,0.0104949429240282
covered_call,21,57,105,0.0049397410937838514,0.011578542865705208,-0.006638801771921356,-0.023668024787583803,0.010509120454880483
covered_call,42,55,101,-0.001045205881719607,0.017007000849054175,-0.018052206730773783,-0.04478531365228783,0.009004660783466253
covered_call,63,54,95,0.012781386525576954,0.036125791306060626,-0.02334440478048367,-0.05690948530286025,0.007403190187152177
covered_call,exp,54,100,0.032782976357798664,0.0356322077562631,-0.0028492313984644357,-0.036150578219462305,0.02998320588433205
protective_put,1,58,104,-0.003938495740600185,0.0005348314887904225,-0.004473327229390607,-0.00914765280334479,-4.7047074630945106e-05
protective_put,2,58,104,-0.0009266257621636224,0.002205432876272774,-0.0031320586384363967,-0.009820081268413692,0.0035166109898322243
protective_put,3,56,104,-0.0005451148863832268,0.0005862742052920292,-0.001131389091675256,-0.009866410655091052,0.007507317475925164
protective_put,5,58,102,-0.00425535260991857,0.0033040937588014758,-0.007559446368720046,-0.01832901131451575,0.0022403194080313805
protective_put,10,57,98,-7.560930061248072e-05,0.008320460567214033,-0.008396069867826513,-0.02428574832460553,0.008843178617081811
protective_put,21,55,102,0.00925451645226066,0.014434714021807085,-0.005180197569546425,-0.03100709554350619,0.02299329200699641
protective_put,42,56,97,0.013233467261740479,0.022437511043332782,-0.009204043781592303,-0.044749382614910155,0.029243719018243484
protective_put,63,53,90,0.022662683696418003,0.02597476902088183,-0.0033120853244638267,-0.04466289311185595,0.041883016598572624
protective_put,exp,52,93,0.02799368628945145,0.018324026666160845,0.009669659623290604,-0.03683540431999315,0.06312283063689479
collar,1,57,103,-0.0018220039264870294,-0.0006112291739155501,-0.0012107747525714795,-0.003881933775801589,0.0013151033659246582
collar,2,57,103,-0.0002480448621195979,0.0009752914059513328,-0.0012233362680709307,-0.0047362624107726735,0.0021054194709880483
collar,3,56,103,0.000533661396748711,1.0061264733206288e-05,0.0005236001320155047,-0.0038367948066609214,0.004529250855890092
collar,5,58,101,-0.001370071737509344,0.001124769041058667,-0.002494840778568011,-0.007828376587633707,0.002816658617195133
collar,10,57,97,-1.6762208537469946e-05,0.003477678016588562,-0.0034944402251260317,-0.011118648811743563,0.004474077280769037
collar,21,55,101,0.002819222444976139,0.007054454269492184,-0.004235231824516045,-0.01357766516867573,0.005272062830368271
collar,42,55,96,0.004942350880795462,0.011484842759826202,-0.006542491879030741,-0.021350633088336263,0.0076458404590927665
collar,63,53,87,0.01390732890756849,0.019229365747303124,-0.005322036839734635,-0.02397377070573911,0.01337961147706195
collar,exp,49,90,0.018756114022520302,0.016687559264173722,0.00206855475834658,-0.018687321314780528,0.02261315977113638
cash_secured_put,1,59,104,-0.002516898583705052,0.00018525625042193069,-0.0027021548341269823,-0.006143925068323859,-1.111073367066141e-05
cash_secured_put,2,59,104,-0.0017679908770313797,0.0003035080104341475,-0.002071498887465527,-0.005932651506734029,0.001597051883447705
cash_secured_put,3,59,104,-0.001216997413634299,0.00031374308605381415,-0.001530740499688113,-0.005525862725182959,0.0023937840182863316
cash_secured_put,5,58,104,-0.0034391094832901046,0.0015535469672435247,-0.004992656450533629,-0.010559914760190841,0.00012895431261851557
cash_secured_put,10,58,101,-0.0031370709505451665,-0.0002668773593626121,-0.0028701935911825543,-0.011821160674643177,0.00735886211709213
cash_secured_put,21,57,104,9.007350687031123e-05,0.004627656758749418,-0.004537583251879107,-0.013270270839697198,0.005014495369985503
cash_secured_put,42,59,102,-0.004822476394178265,0.004267731381093441,-0.009090207775271706,-0.022738170521468308,0.004473427648012213
cash_secured_put,63,55,98,-0.0032330460361525543,0.005322949316832312,-0.008555995352984866,-0.029223451685648123,0.010616527547150945
cash_secured_put,exp,55,96,0.004847068585182792,0.0141965489125394,-0.009349480327356607,-0.02966296464705636,0.010230118615197905
short_strangle,1,58,103,-0.0005983508723758712,-0.0009957984329162452,0.000397447560540374,-0.0021745953744022315,0.0025899833004584334
short_strangle,2,58,103,-0.0012621242881870642,-0.0009867283068362258,-0.0002753959813508384,-0.0028951664362220062,0.0021708739161804052
short_strangle,3,58,103,-0.0001812782154369149,-0.0002512987649723854,7.00205495354705e-05,-0.0023860619782149315,0.0025357938590672216
short_strangle,5,58,102,-0.0005538286108808811,-0.00043203124327458443,-0.00012179736760629663,-0.003574070122245229,0.0032537979425433274
short_strangle,10,58,100,-0.0032139198477308117,-0.005045643340134111,0.001831723492403299,-0.006016177023096915,0.009846990934937636
short_strangle,21,56,103,-0.006106484583347844,-0.002775523783607859,-0.0033309607997399847,-0.0202043900643091,0.010272295112632043
short_strangle,42,58,100,-0.020256838696656277,-0.006150207788118662,-0.014106630908537615,-0.03769425001284598,0.006111618998401675
short_strangle,63,55,94,-0.015010889532460518,-0.001014045994796434,-0.013996843537664084,-0.04588847650787133,0.014572313686064339
short_strangle,exp,50,92,-0.007457038401098141,0.014112639905250784,-0.021569678306348924,-0.06194716664328177,0.012659840799433775
drop_call,1,59,107,-0.0019286892515389409,0.0011269594671678975,-0.003055648718706838,-0.005630644156058439,-0.00018196208394756922
drop_call,2,58,106,-0.000536349190172442,0.0012761289583512376,-0.0018124781485236796,-0.005596328673566835,0.0018931488963306947
drop_call,3,59,106,-0.0010619494180771226,0.0005519437940952066,-0.0016138932121723291,-0.005953300767617124,0.0026774057112756455
drop_call,5,59,106,-0.0024484862019008803,0.0016414029032870362,-0.004089889105187917,-0.00981208438795122,0.0019301551722502093
drop_call,10,59,107,0.0002723868894108886,0.0044065809193832945,-0.0041341940299724055,-0.013380196687995305,0.006620789747906301
drop_call,21,59,107,0.010990143146328417,0.007151354086645256,0.0038387890596831616,-0.014033078508740238,0.022870896438849906
drop_call,42,59,106,0.015230603657691208,0.012337842282948368,0.00289276137474284,-0.02230816649772394,0.028181189878342134
drop_call,63,57,102,0.017957173935275652,0.010596649498637546,0.007360524436638106,-0.020677684064131,0.040090092657194626
drop_call,exp,55,104,0.023790064032284067,0.003317894937241604,0.020472169095042465,-0.011921443499335093,0.06180766857179568
drop_put,1,59,104,0.002516898583705052,-0.00018525625042193069,0.0027021548341269823,-0.0002132177439342968,0.006053223686142739
drop_put,2,59,104,0.0017679908770313797,-0.0003035080104341475,0.002071498887465527,-0.001394369760758292,0.00581637083548396
drop_put,3,59,104,0.001216997413634299,-0.00031374308605381415,0.001530740499688113,-0.002145208120411685,0.005806743017395357
drop_put,5,58,104,0.0034391094832901046,-0.0015535469672435247,0.004992656450533629,0.0001800950829762191,0.010524297082322477
drop_put,10,58,101,0.0031370709505451665,0.0002668773593626121,0.0028701935911825543,-0.006853969965804995,0.012605539840636767
drop_put,21,57,104,-9.007350687031123e-05,-0.004627656758749418,0.004537583251879107,-0.004659233467062925,0.013075177353529399
drop_put,42,59,102,0.004822476394178265,-0.004267731381093441,0.009090207775271706,-0.0038276861845798326,0.022585371336728517
drop_put,63,55,98,0.0032330460361525543,-0.005322949316832312,0.008555995352984866,-0.011993338928406976,0.029091613664499607
drop_put,exp,55,96,-0.004847068585182792,-0.0141965489125394,0.009349480327356607,-0.009748959749357572,0.029737568409500686
long_put,1,60,107,0.004023213520331496,-0.00016032861863617506,0.004183542138967671,0.0003895375128188234,0.008684024844778015
long_put,2,60,107,0.0018847625871322195,-0.0010301770508664126,0.0029149396379986323,-0.0019046683818611653,0.008154097563990022
long_put,3,58,107,0.002478971558584623,-0.00023609676341868304,0.002715068322003306,-0.0028862578117657815,0.00877574295369813
long_put,5,59,106,0.005275011102841706,-0.00218984812422142,0.007464859227063126,0.0002630212437078632,0.01569479971362495
long_put,10,59,106,0.0037833613209767272,-0.001502721606846097,0.005286082927822825,-0.006961122270068268,0.017153753891742944
long_put,21,59,107,-0.0018221693379514758,-0.006653622768405932,0.004831453430454456,-0.008471775628328503,0.017351105773700994
long_put,42,59,103,0.005377412028712794,-0.007658199104174627,0.013035611132887422,-0.0057894249094482125,0.032029725403654355
long_put,63,57,100,0.0006694289122573911,-0.01610654129272339,0.01677597020498078,-0.007229314468023471,0.04036952842704966
long_put,exp,58,103,-0.009958924647593204,-0.020609197586606422,0.010650272939013218,-0.014371701324588346,0.03604990229042056
long_straddle,1,59,107,0.0010546744608556948,0.0002605026798979909,0.0007941717809577039,-0.002010567522139177,0.0040513647982639315
long_straddle,2,59,107,0.0003738264533669266,0.000214273223217403,0.0001595532301495236,-0.0024380301529547,0.0031068025895763817
long_straddle,3,57,107,0.0022712076941956575,8.380315202016765e-05,0.00218740454217549,-0.0011511447079011808,0.0056896295501771745
long_straddle,5,59,106,0.0023842585396541167,-0.0008007919120797633,0.00318505045173388,-0.000590564742710037,0.007258026460147255
long_straddle,10,58,104,0.0037673289830062943,0.003902985512148169,-0.00013565652914187447,-0.008045954414494247,0.0075633999249072595
long_straddle,21,57,106,0.008701686607122306,0.002415844538544634,0.006285842068577671,-0.006847521968249757,0.022540606743908623
long_straddle,42,56,102,0.018479645859337906,0.007630403867647441,0.010849241991690465,-0.011114095745066907,0.0345177266353756
long_straddle,63,55,98,0.017150978986438362,-0.0008242208872352734,0.017975199873673634,-0.011911016931057564,0.04880142414209134
long_straddle,exp,57,103,0.013863292090404277,-0.016173741112469144,0.03003703320287342,-0.00333367921625129,0.06683191439295588
short_straddle,1,59,107,-0.0010546744608556948,-0.0002605026798979909,-0.0007941717809577039,-0.003958057878262046,0.0020168488188242687
short_straddle,2,59,107,-0.0003738264533669266,-0.000214273223217403,-0.0001595532301495236,-0.003001402779004707,0.002322363733410929
short_straddle,3,57,107,-0.0022712076941956575,-8.380315202016765e-05,-0.00218740454217549,-0.005653423367163123,0.0012891471132615386
short_straddle,5,59,106,-0.0023842585396541167,0.0008007919120797633,-0.00318505045173388,-0.0070589263789362835,0.0006240426885367696
short_straddle,10,58,104,-0.0037673289830062943,-0.003902985512148169,0.00013565652914187447,-0.008090849573815822,0.00846194857612148
short_straddle,21,57,106,-0.008701686607122306,-0.002415844538544634,-0.006285842068577671,-0.02301008018667086,0.007409741634218642
short_straddle,42,56,102,-0.018479645859337906,-0.007630403867647441,-0.010849241991690465,-0.033769911682848076,0.010407109410664273
short_straddle,63,55,98,-0.017150978986438362,0.0008242208872352734,-0.017975199873673634,-0.04824446402360341,0.011204995087595385
short_straddle,exp,57,103,-0.013863292090404277,0.016173741112469144,-0.03003703320287342,-0.06873723729778762,0.0036577195048857728
short_iron_fly,1,57,103,-0.0007069330375115515,0.0006402060286188338,-0.0013471390661303853,-0.0033706628475845394,0.0005073914973228432
short_iron_fly,2,57,103,0.0007472952312158838,0.0006575497672054466,8.974546401043719e-05,-0.0016930817468979503,0.001919125283853981
short_iron_fly,3,56,103,-0.0019635109078854915,0.00019352762531119882,-0.0021570385331966904,-0.004697433425520065,0.0003740855108353358
short_iron_fly,5,58,101,-0.0010234866058563192,0.0011247424506233153,-0.0021482290564796345,-0.004735713278502934,0.00011028438908405449
short_iron_fly,10,57,97,-0.0006526185268159539,0.0005347377801703135,-0.0011873563069862674,-0.0038471477244272963,0.0016845700596631377
short_iron_fly,21,55,101,-0.001060681847393582,0.00022087634887473642,-0.0012815581962683184,-0.004082339342071049,0.0014891859716407467
short_iron_fly,42,55,96,-0.00418496372417545,-0.0002567361177149496,-0.003928227606460501,-0.00882708467978666,0.0006160676662357242
short_iron_fly,63,53,87,-0.0006232441748229045,-0.0009272270628251066,0.0003039828880022021,-0.008059785752375483,0.008703791627109159
short_iron_fly,exp,49,90,-0.00127943559495248,0.0034729015795612822,-0.0047523371745137625,-0.012954765608683232,0.0029360800653839814
bull_call_spread,1,58,107,-0.0008923333070370667,-0.0007144174806469672,-0.00017791582639009953,-0.0017713633557682072,0.0013243103450071901
bull_call_spread,2,57,106,-0.0006495804713786905,6.717576654929841e-05,-0.0007167562379279889,-0.0024299393979754585,0.0011504002569661675
bull_call_spread,3,58,106,0.0007760233960849509,-0.00019476750114828329,0.0009707908972332341,-0.0015396404818924124,0.0037039286007003085
bull_call_spread,5,59,106,-0.0004422663612867102,-0.0005568509393715979,0.00011458457808488767,-0.0028295406980477704,0.003341946968382352
bull_call_spread,10,58,105,-0.0003864045423773822,0.00033168721432950114,-0.0007180917567068833,-0.004630607281581236,0.0033571901354785996
bull_call_spread,21,58,106,0.000490073975801279,0.001508880986769596,-0.001018807010968317,-0.00614705972673183,0.004034175123398455
bull_call_spread,42,56,105,0.0005002137416169505,0.0024088816714319112,-0.0019086679298149609,-0.009448884666099583,0.006485282506419075
bull_call_spread,63,55,100,0.0019720921804540583,0.004955521660707573,-0.0029834294802535146,-0.013654198247264663,0.008394198632497808
bull_call_spread,exp,54,104,0.005197353233683554,0.0033727892828860416,0.0018245639507975127,-0.00890550694076107,0.013272671389858631
bear_put_spread,1,59,104,0.0013429279187561914,6.333484335986532e-05,0.001279593075396326,-0.0004070489538647689,0.0029248423145750877
bear_put_spread,2,59,104,-8.286023884058733e-05,-0.0006706028467380158,0.0005877426078974285,-0.001291291999022939,0.0025759265837586418
bear_put_spread,3,57,104,0.0009405766606161742,0.0001240340371221398,0.0008165426234940344,-0.0014853084080407475,0.003297025580676985
bear_put_spread,5,58,102,0.0015852738974750642,-0.0007528081593433831,0.0023380820568184475,-0.00043144121728242043,0.005103570655205097
bear_put_spread,10,58,99,0.0010725314347275678,-0.0012877119561873526,0.0023602433909149204,-0.001480651921120392,0.006175506594482199
bear_put_spread,21,56,103,0.0009033810596513622,-0.0020621267765072483,0.0029655078361586103,-0.0014016278720170852,0.007219022066161515
bear_put_spread,42,58,98,0.0020806031191899286,-0.0023488992389736436,0.004429502358163572,-0.0025827016597586346,0.011377064450949888
bear_put_spread,63,54,92,-0.0018636267584284908,-0.0033580621704311013,0.0014944354120026105,-0.006525582410601772,0.009574800645993144
bear_put_spread,exp,53,93,-0.00037852643969829266,-0.003595613943511958,0.0032170875038136653,-0.006801542560868534,0.013083981632275438
risk_reversal,1,58,103,-0.00452223590136889,0.001369908142506164,-0.005892144043875053,-0.011285633126907642,-0.0006444193669527825
risk_reversal,2,58,103,-0.002334822668531948,0.0016620916561251122,-0.003996914324657061,-0.011240041861930996,0.0030815905699745736
risk_reversal,3,58,103,-0.0022946820398880375,0.000947331004833027,-0.0032420130447210647,-0.011683437187653266,0.005090747513213673
risk_reversal,5,58,102,-0.0063243903556993285,0.0035917966474831933,-0.009916187003182522,-0.021054881383780324,0.0008161340995600756
risk_reversal,10,58,100,-0.003060222053359523,0.004743110591620216,-0.007803332644979739,-0.024407985218389563,0.012150680556517317
risk_reversal,21,56,103,0.005500412432328794,0.012216390311551095,-0.006715977879222301,-0.03048549294670069,0.020769232025090293
risk_reversal,42,58,100,0.009457485005142166,0.01570742728021821,-0.006249942275076043,-0.04020505548068005,0.03222085613902948
risk_reversal,63,55,94,0.00854479746015541,0.01931030857346544,-0.01076551111331003,-0.05183782109235158,0.03465635023584037
risk_reversal,exp,50,92,0.028174443932194558,0.015379722988764796,0.012794720943429762,-0.03129854686526597,0.0626814272196454
atm_put_write,1,60,107,-0.004023213520331496,0.00016032861863617506,-0.004183542138967671,-0.008736427947524857,-0.00052754446726735
atm_put_write,2,60,107,-0.0018847625871322195,0.0010301770508664126,-0.0029149396379986323,-0.008215533123106394,0.002096849245490019
atm_put_write,3,58,107,-0.002478971558584623,0.00023609676341868304,-0.002715068322003306,-0.00836186621393199,0.002923425850484848
atm_put_write,5,59,106,-0.005275011102841706,0.00218984812422142,-0.007464859227063126,-0.015120364965599403,6.607624428921968e-05
atm_put_write,10,59,106,-0.0037833613209767272,0.001502721606846097,-0.005286082927822825,-0.017497577308272432,0.007221425655262705
atm_put_write,21,59,107,0.0018221693379514758,0.006653622768405932,-0.004831453430454456,-0.017037648066263497,0.00853189626016997
atm_put_write,42,59,103,-0.005377412028712794,0.007658199104174627,-0.013035611132887422,-0.032719352703507676,0.006294916436960982
atm_put_write,63,57,100,-0.0006694289122573911,0.01610654129272339,-0.01677597020498078,-0.04288620551599896,0.005957075377906829
atm_put_write,exp,58,103,0.009958924647593204,0.020609197586606422,-0.010650272939013218,-0.03543400415221139,0.01479329440295488
