tag,events_in_top100,tickers,secondary_category
debt_issuance,277,80,debt_activity
executive_compensation_change,174,79,executive_leadership
annual_meeting_results,150,87,shareholder_meetings
investor_presentation,149,39,investor_communications
underwriting_agreement,146,67,equity_activity
executive_officer_departure,132,68,executive_leadership
quarterly_earnings,131,27,earnings_and_performance
shareholder_proposal_outcome,121,76,shareholder_activism
executive_officer_appointment,105,62,executive_leadership
director_departure,101,59,board_of_directors
director_appointment,97,63,board_of_directors
dividend_declaration,79,18,shareholder_returns
credit_facility,62,38,debt_activity
guidance_issuance_or_update,60,27,guidance_and_outlook
business_update,54,12,investor_communications
bylaw_amendment,47,43,governance_documents
guarantee_or_letter_of_credit,42,21,debt_activity
debt_retirement,40,19,debt_activity
charter_amendment,36,28,governance_documents
share_repurchase_program,36,26,shareholder_returns
strategic_initiative,34,20,business_developments
cfo_appointment,34,29,executive_leadership
equity_compensation_grant,33,28,equity_activity
ceo_departure,31,25,executive_leadership
cfo_departure,31,24,executive_leadership
material_charge_or_gain,29,19,impairments_and_charges
acquisition_agreement,29,19,deal_agreements
merger_agreement,27,11,deal_agreements
deal_termination,25,21,deal_terminations
preliminary_results,25,10,earnings_and_performance
settlement_agreement,24,18,material_agreements
acquisition_completion,24,17,deal_completions
preferred_stock_modification,20,13,governance_documents
public_offering,19,9,equity_activity
ceo_appointment,17,15,executive_leadership
acquisition_consideration_shares,15,6,equity_activity
restructuring_plan,14,9,restructuring
tender_offer,13,9,shareholder_returns
asset_impairment,12,10,impairments_and_charges
regulatory_investigation,11,8,legal_proceedings
business_line_exit,11,7,restructuring
divestiture_agreement,11,11,deal_agreements
workforce_reduction,11,8,restructuring
material_litigation,11,10,legal_proceedings
stock_split,11,5,shareholder_returns
annual_earnings,11,7,earnings_and_performance
spinoff_completion,10,4,deal_completions
trading_plan_10b5_1,10,2,insider_trading
merger_completion,9,9,deal_completions
capital_allocation_update,8,6,investor_communications
dividend_policy_change,7,6,shareholder_returns
regulatory_decision,6,6,business_developments
joint_venture_agreement,6,6,deal_agreements
control_disposition,6,4,corporate_control
special_meeting_results,5,4,shareholder_meetings
private_placement,4,1,equity_activity
benefit_plan_blackout,4,4,insider_trading
cybersecurity_incident,4,4,security_and_safety
facility_closure,4,3,restructuring
divestiture_completion,4,3,deal_completions
significant_contract_award,3,3,business_developments
product_or_service_launch,3,3,business_developments
partnership_or_collaboration,3,2,material_agreements
goodwill_impairment,3,3,impairments_and_charges
new_auditor_engagement,3,2,auditor_matters
credit_facility_draw,3,3,debt_activity
listing_transfer,3,3,exchange_listing
licensing_agreement,2,2,deal_agreements
supply_or_distribution_agreement,2,2,material_agreements
warrant_or_conversion,2,2,equity_activity
activist_investor_campaign,2,2,shareholder_activism
investment_impairment,2,2,impairments_and_charges
control_acquisition,2,2,corporate_control
voluntary_bankruptcy,2,2,bankruptcy_and_insolvency
mine_safety_violation,1,1,security_and_safety
accounting_error_correction,1,1,financial_integrity
financial_restatement,1,1,financial_integrity
fiscal_year_change,1,1,governance_documents
voluntary_delisting,1,1,exchange_listing
asset_purchase_or_sale,1,1,deal_completions
clinical_trial_results,1,1,business_developments
deal_withdrawal,1,1,deal_terminations
rating_downgrade_trigger,0,0,debt_distress
reverse_merger,0,0,corporate_control
receivership_appointment,0,0,bankruptcy_and_insolvency
rights_offering,0,0,equity_activity
shareholder_meeting_notice,0,0,shareholder_meetings
shareholder_rights_plan,0,0,governance_documents
abs_distribution_failure,0,0,asset_backed_securities
pipe_transaction,0,0,equity_activity
payment_default,0,0,debt_distress
audit_opinion_withdrawal,0,0,financial_integrity
auditor_disagreement,0,0,auditor_matters
auditor_dismissal,0,0,auditor_matters
auditor_resignation,0,0,auditor_matters
bankruptcy_emergence,0,0,bankruptcy_and_insolvency
class_action_filing,0,0,legal_proceedings
code_of_ethics_change,0,0,governance_documents
covenant_violation,0,0,debt_distress
credit_rating_change,0,0,credit_ratings
deal_breach_default,0,0,deal_terminations
debt_acceleration,0,0,debt_distress
delisting_determination,0,0,exchange_listing
director_nomination,0,0,shareholder_activism
esg_sustainability_commitment,0,0,business_developments
going_concern,0,0,bankruptcy_and_insolvency
abs_structural_change,0,0,asset_backed_securities
guidance_withdrawal,0,0,guidance_and_outlook
internal_control_weakness,0,0,financial_integrity
involuntary_bankruptcy,0,0,bankruptcy_and_insolvency
lease_agreement,0,0,material_agreements
listing_compliance_regained,0,0,exchange_listing
listing_deficiency_notice,0,0,exchange_listing
mine_closure,0,0,security_and_safety
natural_disaster_impact,0,0,security_and_safety
nav_per_share,0,0,earnings_and_performance
off_balance_sheet_arrangement,0,0,debt_activity
patent_milestone,0,0,business_developments
going_private_transaction,0,0,corporate_control
